Source,Target,Label
http://example.org/entity//m/0jz9f,http://example.org/entity//m/0gyv0b4,http://example.org/relation//award/award_nominee/award_nominations./award/award_nomination/nominated_for
http://example.org/entity//m/01c333,http://example.org/entity//m/09nqf,http://example.org/relation//education/university/local_tuition./measurement_unit/dated_money_value/currency
http://example.org/entity//m/0bbgvp,http://example.org/entity//m/02wzv,http://example.org/relation//film/film/featured_film_locations
http://example.org/entity//m/02l4pj,http://example.org/entity//m/03v3xp,http://example.org/relation//award/award_nominee/award_nominations./award/award_nomination/award_nominee
http://example.org/entity//m/06r3p2,http://example.org/entity//m/02zsn,http://example.org/relation//people/person/gender
http://example.org/entity//m/0psss,http://example.org/entity//m/05qtj,http://example.org/relation//music/artist/origin
http://example.org/entity//m/06ylv0,http://example.org/entity//m/02nzb8,http://example.org/relation//soccer/football_team/current_roster./soccer/football_roster_position/position
http://example.org/entity//m/0cj36c,http://example.org/entity//m/083chw,http://example.org/relation//award/award_winner/awards_won./award/award_honor/award_winner
http://example.org/entity//m/04zqmj,http://example.org/entity//m/0315q3,http://example.org/relation//award/award_nominee/award_nominations./award/award_nomination/award_nominee
http://example.org/entity//m/0gjc4d3,http://example.org/entity//m/09c7w0,http://example.org/relation//film/film/country
http://example.org/entity//m/09p2r9,http://example.org/entity//m/0c3p7,http://example.org/relation//award/award_ceremony/awards_presented./award/award_honor/award_winner
http://example.org/entity//m/02qcr,http://example.org/entity//m/09blyk,http://example.org/relation//film/film/genre
http://example.org/entity//m/02w59b,http://example.org/entity//m/083jv,http://example.org/relation//sports/sports_team/colors
http://example.org/entity//m/0pd64,http://example.org/entity//m/06qc5,http://example.org/relation//film/film/other_crew./film/film_crew_gig/film_crew_role
http://example.org/entity//m/07s9rl0,http://example.org/entity//m/016yxn,http://example.org/relation//media_common/netflix_genre/titles
http://example.org/entity//m/0171cm,http://example.org/entity//m/0fh694,http://example.org/relation//award/award_nominee/award_nominations./award/award_nomination/nominated_for
http://example.org/entity//m/03qgjwc,http://example.org/entity//m/01p7yb,http://example.org/relation//award/award_category/winners./award/award_honor/award_winner
http://example.org/entity//m/02ppm4q,http://example.org/entity//m/01fwf1,http://example.org/relation//award/award_category/winners./award/award_honor/award_winner
http://example.org/entity//m/01m5m5b,http://example.org/entity//m/0gqz2,http://example.org/relation//award/award_nominee/award_nominations./award/award_nomination/award
http://example.org/entity//m/01xcr4,http://example.org/entity//m/0kyk,http://example.org/relation//people/person/profession
http://example.org/entity//m/0gqz2,http://example.org/entity//m/09d38d,http://example.org/relation//award/award_category/nominees./award/award_nomination/nominated_for
http://example.org/entity//m/0bh8x1y,http://example.org/entity//m/02z2xdf,http://example.org/relation//film/film/executive_produced_by
http://example.org/entity//m/084qpk,http://example.org/entity//m/08mbj5d,http://example.org/relation//common/topic/webpage./common/webpage/category
http://example.org/entity//m/06myp,http://example.org/entity//m/03_gx,http://example.org/relation//people/person/religion
http://example.org/entity//m/01lz4tf,http://example.org/entity//m/06_kh,http://example.org/relation//people/person/places_lived./people/place_lived/location
http://example.org/entity//m/043tz0c,http://example.org/entity//m/07s9rl0,http://example.org/relation//film/film/genre
http://example.org/entity//m/01vng3b,http://example.org/entity//m/0342h,http://example.org/relation//music/group_member/membership./music/group_membership/role
http://example.org/entity//m/01g6l8,http://example.org/entity//m/02l6h,http://example.org/relation//education/university/domestic_tuition./measurement_unit/dated_money_value/currency
http://example.org/entity//m/0l14j_,http://example.org/entity//m/05r5c,http://example.org/relation//music/performance_role/regular_performances./music/group_membership/role
http://example.org/entity//m/07fq1y,http://example.org/entity//m/02wgk1,http://example.org/relation//film/actor/film./film/performance/film
http://example.org/entity//m/017y26,http://example.org/entity//m/04gb7,http://example.org/relation//education/educational_institution/students_graduates./education/education/major_field_of_study
http://example.org/entity//m/033fqh,http://example.org/entity//m/09nqf,http://example.org/relation//film/film/estimated_budget./measurement_unit/dated_money_value/currency
http://example.org/entity//m/016r9z,http://example.org/entity//m/09xp_,http://example.org/relation//olympics/olympic_games/sports
http://example.org/entity//m/0gvt53w,http://example.org/entity//m/077qn,http://example.org/relation//film/film/release_date_s./film/film_regional_release_date/film_release_region
http://example.org/entity//m/0j5g9,http://example.org/entity//m/083tk,http://example.org/relation//location/country/official_language
http://example.org/entity//m/03f2_rc,http://example.org/entity//m/094qd5,http://example.org/relation//award/award_nominee/award_nominations./award/award_nomination/award
http://example.org/entity//m/0b_6qj,http://example.org/entity//m/03d5m8w,http://example.org/relation//base/marchmadness/ncaa_basketball_tournament/seeds./base/marchmadness/ncaa_tournament_seed/team
http://example.org/entity//m/059g4,http://example.org/entity//m/0n5yh,http://example.org/relation//location/location/contains
http://example.org/entity//m/0h1p,http://example.org/entity//m/02x4wr9,http://example.org/relation//award/award_nominee/award_nominations./award/award_nomination/award
http://example.org/entity//m/082xp,http://example.org/entity//m/04ztj,http://example.org/relation//people/person/spouse_s./people/marriage/type_of_union
http://example.org/entity//m/02v570,http://example.org/entity//m/0jw67,http://example.org/relation//film/film/written_by
http://example.org/entity//m/02r22gf,http://example.org/entity//m/02qr69m,http://example.org/relation//award/award_category/nominees./award/award_nomination/nominated_for
http://example.org/entity//m/05pcn59,http://example.org/entity//m/05hjnw,http://example.org/relation//award/award_category/nominees./award/award_nomination/nominated_for
http://example.org/entity//m/0814k3,http://example.org/entity//m/09c7w0,http://example.org/relation//people/person/nationality
http://example.org/entity//m/0ckf6,http://example.org/entity//m/02nzb8,http://example.org/relation//soccer/football_team/current_roster./soccer/football_roster_position/position
http://example.org/entity//m/08c4yn,http://example.org/entity//m/09zzb8,http://example.org/relation//film/film/other_crew./film/film_crew_gig/film_crew_role
http://example.org/entity//m/0gsg7,http://example.org/entity//m/05zr0xl,http://example.org/relation//tv/tv_network/programs./tv/tv_network_duration/program
http://example.org/entity//m/016wzw,http://example.org/entity//m/01fpfn,http://example.org/relation//location/country/form_of_government
http://example.org/entity//m/044mz_,http://example.org/entity//m/03_wpf,http://example.org/relation//award/award_nominee/award_nominations./award/award_nomination/award_nominee
http://example.org/entity//m/05pcn59,http://example.org/entity//m/06w6_,http://example.org/relation//award/award_category/winners./award/award_honor/award_winner
http://example.org/entity//m/01x6jd,http://example.org/entity//m/0ccvx,http://example.org/relation//people/person/places_lived./people/place_lived/location
http://example.org/entity//m/0227tr,http://example.org/entity//m/0ftxw,http://example.org/relation//people/person/places_lived./people/place_lived/location
http://example.org/entity//m/05jt_,http://example.org/entity//m/06by7,http://example.org/relation//music/genre/parent_genre
http://example.org/entity//m/060c4,http://example.org/entity//m/01c4pv,http://example.org/relation//government/government_office_category/officeholders./government/government_position_held/jurisdiction_of_office
http://example.org/entity//m/0b60sq,http://example.org/entity//m/09b3v,http://example.org/relation//film/film/production_companies
http://example.org/entity//m/02hy5d,http://example.org/entity//m/09c7w0,http://example.org/relation//government/politician/government_positions_held./government/government_position_held/jurisdiction_of_office
http://example.org/entity//m/01w92,http://example.org/entity//m/047m_w,http://example.org/relation//tv/tv_network/programs./tv/tv_network_duration/program
http://example.org/entity//m/0ddjy,http://example.org/entity//m/0dq6p,http://example.org/relation//film/film/distributors./film/film_film_distributor_relationship/film_distribution_medium
http://example.org/entity//m/07zr66,http://example.org/entity//m/05z01,http://example.org/relation//sports/pro_athlete/teams./sports/sports_team_roster/team
http://example.org/entity//m/06j6l,http://example.org/entity//m/01lqf49,http://example.org/relation//music/genre/artists
http://example.org/entity//m/05ml_s,http://example.org/entity//m/02v5_g,http://example.org/relation//film/actor/film./film/performance/film
http://example.org/entity//m/040t74,http://example.org/entity//m/022yb4,http://example.org/relation//award/award_nominee/award_nominations./award/award_nomination/award_nominee
http://example.org/entity//m/0c94fn,http://example.org/entity//m/0b6mgp_,http://example.org/relation//award/award_nominee/award_nominations./award/award_nomination/award_nominee
http://example.org/entity//m/01_k71,http://example.org/entity//m/0gqz2,http://example.org/relation//award/award_nominee/award_nominations./award/award_nomination/award
http://example.org/entity//m/02h4rq6,http://example.org/entity//m/0157m,http://example.org/relation//education/educational_degree/people_with_this_degree./education/education/student
http://example.org/entity//m/04t2t,http://example.org/entity//m/06rzwx,http://example.org/relation//media_common/netflix_genre/titles
http://example.org/entity//m/0chrx,http://example.org/entity//m/08mbj5d,http://example.org/relation//common/topic/webpage./common/webpage/category
http://example.org/entity//m/02flqd,http://example.org/entity//m/01s695,http://example.org/relation//award/award_category/winners./award/award_honor/ceremony
http://example.org/entity//m/098sv2,http://example.org/entity//m/089fss,http://example.org/relation//people/person/profession
http://example.org/entity//m/05qbckf,http://example.org/entity//m/01ls2,http://example.org/relation//film/film/release_date_s./film/film_regional_release_date/film_release_region
http://example.org/entity//m/0pz91,http://example.org/entity//m/02f6g5,http://example.org/relation//film/actor/film./film/performance/film
http://example.org/entity//m/03ncb2,http://example.org/entity//m/01s695,http://example.org/relation//award/award_category/winners./award/award_honor/ceremony
http://example.org/entity//m/07s6prs,http://example.org/entity//m/05ztm4r,http://example.org/relation//award/award_nominee/award_nominations./award/award_nomination/award_nominee
http://example.org/entity//m/0xv2x,http://example.org/entity//m/06by7,http://example.org/relation//music/genre/parent_genre
http://example.org/entity//m/078bz,http://example.org/entity//m/01d8yn,http://example.org/relation//education/educational_institution/students_graduates./education/education/student
http://example.org/entity//m/026lgs,http://example.org/entity//m/05r4w,http://example.org/relation//film/film/release_date_s./film/film_regional_release_date/film_release_region
http://example.org/entity//m/04fkg4,http://example.org/entity//m/03j6c,http://example.org/relation//people/person/religion
http://example.org/entity//m/05183k,http://example.org/entity//m/05zppz,http://example.org/relation//people/person/gender
http://example.org/entity//m/0248jb,http://example.org/entity//m/0m_v0,http://example.org/relation//award/award_category/winners./award/award_honor/award_winner
http://example.org/entity//m/07z542,http://example.org/entity//m/01l4zqz,http://example.org/relation//award/award_winner/awards_won./award/award_honor/award_winner
http://example.org/entity//m/04v7kt,http://example.org/entity//m/03gjzk,http://example.org/relation//people/person/profession
http://example.org/entity//m/02k_kn,http://example.org/entity//m/026spg,http://example.org/relation//music/genre/artists
http://example.org/entity//m/0277c3,http://example.org/entity//m/01cky2,http://example.org/relation//award/award_nominee/award_nominations./award/award_nomination/award
http://example.org/entity//m/0sx8l,http://example.org/entity//m/01dys,http://example.org/relation//user/jg/default_domain/olympic_games/sports
http://example.org/entity//m/099t8j,http://example.org/entity//m/0209xj,http://example.org/relation//award/award_category/nominees./award/award_nomination/nominated_for
http://example.org/entity//m/0bxtg,http://example.org/entity//m/07z2lx,http://example.org/relation//award/award_nominee/award_nominations./award/award_nomination/award
http://example.org/entity//m/02r0csl,http://example.org/entity//m/0pv3x,http://example.org/relation//award/award_category/nominees./award/award_nomination/nominated_for
http://example.org/entity//m/0jmmn,http://example.org/entity//m/03558l,http://example.org/relation//sports/sports_team/roster./basketball/basketball_roster_position/position
http://example.org/entity//m/0250f,http://example.org/entity//m/01d_h8,http://example.org/relation//people/person/profession
http://example.org/entity//m/0jlv5,http://example.org/entity//m/03h64,http://example.org/relation//people/person/places_lived./people/place_lived/location
http://example.org/entity//m/047fjjr,http://example.org/entity//m/01nc3rh,http://example.org/relation//film/film/music
http://example.org/entity//m/0n04r,http://example.org/entity//m/02n4kr,http://example.org/relation//film/film/genre
http://example.org/entity//m/0dgq_kn,http://example.org/entity//m/02g40r,http://example.org/relation//film/film/music
http://example.org/entity//m/02mv_h,http://example.org/entity//m/02sdk9v,http://example.org/relation//soccer/football_team/current_roster./soccer/football_roster_position/position
http://example.org/entity//m/016ypb,http://example.org/entity//m/09wj5,http://example.org/relation//award/award_winner/awards_won./award/award_honor/award_winner
http://example.org/entity//m/01p970,http://example.org/entity//m/01w4dy,http://example.org/relation//music/performance_role/regular_performances./music/group_membership/role
http://example.org/entity//m/01vzz1c,http://example.org/entity//m/08mbj5d,http://example.org/relation//common/topic/webpage./common/webpage/category
http://example.org/entity//m/06v9_x,http://example.org/entity//m/0345h,http://example.org/relation//film/film/release_date_s./film/film_regional_release_date/film_release_region
http://example.org/entity//m/03dj48,http://example.org/entity//m/02_j1w,http://example.org/relation//soccer/football_team/current_roster./soccer/football_roster_position/position
http://example.org/entity//m/060ny2,http://example.org/entity//m/0495ys,http://example.org/relation//government/legislative_session/members./government/government_position_held/legislative_sessions
http://example.org/entity//m/041rx,http://example.org/entity//m/0jcx,http://example.org/relation//people/ethnicity/people
http://example.org/entity//m/0glt670,http://example.org/entity//m/09qr6,http://example.org/relation//music/genre/artists
http://example.org/entity//m/0234pg,http://example.org/entity//m/0q9sg,http://example.org/relation//film/actor/film./film/performance/film
http://example.org/entity//m/01ydzx,http://example.org/entity//m/0dz3r,http://example.org/relation//people/person/profession
http://example.org/entity//m/06_wqk4,http://example.org/entity//m/051ys82,http://example.org/relation//award/award_winning_work/awards_won./award/award_honor/honored_for
http://example.org/entity//m/057_yx,http://example.org/entity//m/0gbtbm,http://example.org/relation//film/actor/film./film/performance/film
http://example.org/entity//m/09blyk,http://example.org/entity//m/02q87z6,http://example.org/relation//media_common/netflix_genre/titles
http://example.org/entity//m/0285c,http://example.org/entity//m/039v1,http://example.org/relation//people/person/profession
http://example.org/entity//m/060c4,http://example.org/entity//m/03pmfw,http://example.org/relation//organization/role/leaders./organization/leadership/organization
http://example.org/entity//m/01y64_,http://example.org/entity//m/0d0vqn,http://example.org/relation//people/person/nationality
http://example.org/entity//m/01w61th,http://example.org/entity//m/01g63y,http://example.org/relation//people/person/spouse_s./people/marriage/type_of_union
http://example.org/entity//m/0m68w,http://example.org/entity//m/02fttd,http://example.org/relation//film/actor/film./film/performance/film
http://example.org/entity//m/042rlf,http://example.org/entity//m/02sdk9v,http://example.org/relation//soccer/football_team/current_roster./soccer/football_roster_position/position
http://example.org/entity//m/0262zm,http://example.org/entity//m/01dhmw,http://example.org/relation//award/award_category/winners./award/award_honor/award_winner
http://example.org/entity//m/0292l3,http://example.org/entity//m/03p85,http://example.org/relation//people/person/places_lived./people/place_lived/location
http://example.org/entity//m/070m12,http://example.org/entity//m/02q1tc5,http://example.org/relation//award/award_nominee/award_nominations./award/award_nomination/award
http://example.org/entity//m/016xk5,http://example.org/entity//m/09tkzy,http://example.org/relation//award/award_nominee/award_nominations./award/award_nomination/nominated_for
http://example.org/entity//m/033tf_,http://example.org/entity//m/0f_y9,http://example.org/relation//people/ethnicity/people
http://example.org/entity//m/06v9_x,http://example.org/entity//m/0chghy,http://example.org/relation//film/film/release_date_s./film/film_regional_release_date/film_release_region
http://example.org/entity//m/018p4y,http://example.org/entity//m/04ljl_l,http://example.org/relation//award/award_nominee/award_nominations./award/award_nomination/award
http://example.org/entity//m/01dw_f,http://example.org/entity//m/02zsn,http://example.org/relation//people/person/gender
http://example.org/entity//m/030hbp,http://example.org/entity//m/01ggc9,http://example.org/relation//award/award_nominee/award_nominations./award/award_nomination/award_nominee
http://example.org/entity//m/0150jk,http://example.org/entity//m/03tcnt,http://example.org/relation//award/award_nominee/award_nominations./award/award_nomination/award
http://example.org/entity//m/01kr6k,http://example.org/entity//m/05th69,http://example.org/relation//business/job_title/people_with_this_title./business/employment_tenure/company
http://example.org/entity//m/01pm0_,http://example.org/entity//m/04g73n,http://example.org/relation//film/actor/film./film/performance/film
http://example.org/entity//m/044lyq,http://example.org/entity//m/073w14,http://example.org/relation//award/award_nominee/award_nominations./award/award_nomination/award_nominee
http://example.org/entity//m/0cnl09,http://example.org/entity//m/0h3mrc,http://example.org/relation//award/award_nominee/award_nominations./award/award_nomination/award_nominee
http://example.org/entity//m/02xhwm,http://example.org/entity//m/08mbj5d,http://example.org/relation//common/topic/webpage./common/webpage/category
http://example.org/entity//m/03g5jw,http://example.org/entity//m/03d9d6,http://example.org/relation//influence/influence_node/peers./influence/peer_relationship/peers
http://example.org/entity//m/01wp8w7,http://example.org/entity//m/042v_gx,http://example.org/relation//music/artist/track_contributions./music/track_contribution/role
http://example.org/entity//m/0239kh,http://example.org/entity//m/0l14md,http://example.org/relation//music/performance_role/guest_performances./music/recording_contribution/performance_role
http://example.org/entity//m/09n48,http://example.org/entity//m/09_bl,http://example.org/relation//user/jg/default_domain/olympic_games/sports
http://example.org/entity//m/04f52jw,http://example.org/entity//m/02vzc,http://example.org/relation//film/film/release_date_s./film/film_regional_release_date/film_release_region
http://example.org/entity//m/01hjy5,http://example.org/entity//m/09nqf,http://example.org/relation//organization/endowed_organization/endowment./measurement_unit/dated_money_value/currency
http://example.org/entity//m/08n__5,http://example.org/entity//m/03gjzk,http://example.org/relation//people/person/profession
http://example.org/entity//m/01s21dg,http://example.org/entity//m/0g824,http://example.org/relation//award/award_nominee/award_nominations./award/award_nomination/award_nominee
http://example.org/entity//m/05qjt,http://example.org/entity//m/01tdnyh,http://example.org/relation//education/field_of_study/students_majoring./education/education/student
http://example.org/entity//m/022411,http://example.org/entity//m/02c638,http://example.org/relation//film/actor/film./film/performance/film
http://example.org/entity//m/0gmdkyy,http://example.org/entity//m/0dgq_kn,http://example.org/relation//award/award_ceremony/awards_presented./award/award_honor/honored_for
http://example.org/entity//m/01cf93,http://example.org/entity//m/0130sy,http://example.org/relation//music/record_label/artist
http://example.org/entity//m/044mrh,http://example.org/entity//m/03_wpf,http://example.org/relation//award/award_nominee/award_nominations./award/award_nomination/award_nominee
http://example.org/entity//m/01w524f,http://example.org/entity//m/052bw,http://example.org/relation//people/person/place_of_birth
http://example.org/entity//m/0bcndz,http://example.org/entity//m/01b9ck,http://example.org/relation//film/film/executive_produced_by
http://example.org/entity//m/014mlp,http://example.org/entity//m/0fvd03,http://example.org/relation//education/educational_degree/people_with_this_degree./education/education/institution
http://example.org/entity//m/03mkk4,http://example.org/entity//m/05qgc,http://example.org/relation//education/educational_degree/people_with_this_degree./education/education/major_field_of_study
http://example.org/entity//m/0fpzt5,http://example.org/entity//m/02hv44_,http://example.org/relation//people/person/profession
http://example.org/entity//m/0g2c8,http://example.org/entity//m/0bk1p,http://example.org/relation//award/hall_of_fame/inductees./award/hall_of_fame_induction/inductee
http://example.org/entity//m/0m68w,http://example.org/entity//m/03spz,http://example.org/relation//people/person/places_lived./people/place_lived/location
http://example.org/entity//m/03_8r,http://example.org/entity//m/04vs9,http://example.org/relation//olympics/olympic_sport/athletes./olympics/olympic_athlete_affiliation/country
http://example.org/entity//m/013tcv,http://example.org/entity//m/05dbf,http://example.org/relation//base/popstra/celebrity/friendship./base/popstra/friendship/participant
http://example.org/entity//m/04cj79,http://example.org/entity//m/09c7w0,http://example.org/relation//film/film/country
http://example.org/entity//m/02zccd,http://example.org/entity//m/02zccd,http://example.org/relation//education/educational_institution/campuses
http://example.org/entity//m/0ggx5q,http://example.org/entity//m/01zmpg,http://example.org/relation//music/genre/artists
http://example.org/entity//m/06mzp,http://example.org/entity//m/01qtj9,http://example.org/relation//location/location/contains
http://example.org/entity//m/0jbp0,http://example.org/entity//m/0jdgr,http://example.org/relation//film/actor/film./film/performance/film
http://example.org/entity//m/07l75,http://example.org/entity//m/0g78xc,http://example.org/relation//military/military_combatant/military_conflicts./military/military_combatant_group/combatants
http://example.org/entity//m/01gzm2,http://example.org/entity//m/02jknp,http://example.org/relation//people/person/profession
http://example.org/entity//m/04pmnt,http://example.org/entity//m/04xvlr,http://example.org/relation//film/film/genre
http://example.org/entity//m/03vgp7,http://example.org/entity//m/09sb52,http://example.org/relation//award/award_nominee/award_nominations./award/award_nomination/award
http://example.org/entity//m/04gtdnh,http://example.org/entity//m/026dcvf,http://example.org/relation//award/award_winner/awards_won./award/award_honor/award_winner
http://example.org/entity//m/0vbk,http://example.org/entity//m/0631_,http://example.org/relation//location/statistical_region/religions./location/religion_percentage/religion
http://example.org/entity//m/037q2p,http://example.org/entity//m/05pcjw,http://example.org/relation//education/educational_institution/school_type
http://example.org/entity//m/05k17c,http://example.org/entity//m/01q2sk,http://example.org/relation//organization/role/leaders./organization/leadership/organization
http://example.org/entity//m/0132_h,http://example.org/entity//m/0jc_p,http://example.org/relation//sports/sports_team/colors
http://example.org/entity//m/024rgt,http://example.org/entity//m/04w1j9,http://example.org/relation//award/award_nominee/award_nominations./award/award_nomination/award_nominee
http://example.org/entity//m/0bynt,http://example.org/entity//m/01znc_,http://example.org/relation//olympics/olympic_sport/athletes./olympics/olympic_athlete_affiliation/country
http://example.org/entity//m/0fmc5,http://example.org/entity//m/02hcv8,http://example.org/relation//location/location/time_zones
http://example.org/entity//m/019_1h,http://example.org/entity//m/02k54,http://example.org/relation//people/person/nationality
http://example.org/entity//m/052h3,http://example.org/entity//m/01531,http://example.org/relation//people/person/place_of_birth
http://example.org/entity//m/04gtdnh,http://example.org/entity//m/025vldk,http://example.org/relation//award/award_winner/awards_won./award/award_honor/award_winner
http://example.org/entity//m/0294mx,http://example.org/entity//m/02x4x18,http://example.org/relation//award/award_winning_work/awards_won./award/award_honor/award
http://example.org/entity//m/02qydsh,http://example.org/entity//m/0d2b38,http://example.org/relation//film/film/other_crew./film/film_crew_gig/film_crew_role
http://example.org/entity//m/0xhtw,http://example.org/entity//m/0178kd,http://example.org/relation//music/genre/artists
http://example.org/entity//m/07pzc,http://example.org/entity//m/01c9dd,http://example.org/relation//award/award_nominee/award_nominations./award/award_nomination/award
http://example.org/entity//m/059ts,http://example.org/entity//m/0j95,http://example.org/relation//location/location/adjoin_s./location/adjoining_relationship/adjoins
http://example.org/entity//m/05zlld0,http://example.org/entity//m/08mbj5d,http://example.org/relation//common/topic/webpage./common/webpage/category
http://example.org/entity//m/040dv,http://example.org/entity//m/05l5n,http://example.org/relation//people/person/places_lived./people/place_lived/location
http://example.org/entity//m/034ls,http://example.org/entity//m/060c4,http://example.org/relation//government/politician/government_positions_held./government/government_position_held/basic_title
http://example.org/entity//m/07ypt,http://example.org/entity//m/07wlt,http://example.org/relation//location/location/contains
http://example.org/entity//m/024n3z,http://example.org/entity//m/0294fd,http://example.org/relation//award/award_winner/awards_won./award/award_honor/award_winner
http://example.org/entity//m/0n6f8,http://example.org/entity//m/032_wv,http://example.org/relation//film/actor/film./film/performance/film
http://example.org/entity//m/02j04_,http://example.org/entity//m/01x73,http://example.org/relation//organization/organization/headquarters./location/mailing_address/state_province_region
http://example.org/entity//m/0hv1t,http://example.org/entity//m/01p7b6b,http://example.org/relation//film/film/music
http://example.org/entity//m/01gw8b,http://example.org/entity//m/0gkts9,http://example.org/relation//award/award_nominee/award_nominations./award/award_nomination/award
http://example.org/entity//m/07_3qd,http://example.org/entity//m/0342h,http://example.org/relation//music/group_member/membership./music/group_membership/role
http://example.org/entity//m/0154qm,http://example.org/entity//m/0237fw,http://example.org/relation//award/award_winner/awards_won./award/award_honor/award_winner
http://example.org/entity//m/093l8p,http://example.org/entity//m/07s9rl0,http://example.org/relation//film/film/genre
http://example.org/entity//m/01yjl,http://example.org/entity//m/04110b0,http://example.org/relation//baseball/baseball_team/team_stats./baseball/baseball_team_stats/season
http://example.org/entity//m/04954,http://example.org/entity//m/0j_tw,http://example.org/relation//film/actor/film./film/performance/film
http://example.org/entity//m/06bng,http://example.org/entity//m/04ztj,http://example.org/relation//people/person/spouse_s./people/marriage/type_of_union
http://example.org/entity//m/01tlmw,http://example.org/entity//m/08mbj5d,http://example.org/relation//common/topic/webpage./common/webpage/category
http://example.org/entity//m/05f7snc,http://example.org/entity//m/01k70_,http://example.org/relation//award/award_nominee/award_nominations./award/award_nomination/award_nominee
http://example.org/entity//m/015401,http://example.org/entity//m/015401,http://example.org/relation//education/educational_institution/campuses
http://example.org/entity//m/0flw6,http://example.org/entity//m/02s2ft,http://example.org/relation//award/award_nominee/award_nominations./award/award_nomination/award_nominee
http://example.org/entity//m/08c4yn,http://example.org/entity//m/0274v0r,http://example.org/relation//award/award_winning_work/awards_won./award/award_honor/award
http://example.org/entity//m/025rcc,http://example.org/entity//m/02frhbc,http://example.org/relation//organization/organization/headquarters./location/mailing_address/citytown
http://example.org/entity//m/03l2n,http://example.org/entity//m/01k3tq,http://example.org/relation//base/petbreeds/city_with_dogs/top_breeds./base/petbreeds/dog_city_relationship/dog_breed
http://example.org/entity//m/05ywg,http://example.org/entity//m/05cw8,http://example.org/relation//travel/travel_destination/climate./travel/travel_destination_monthly_climate/month
http://example.org/entity//m/0bxtg,http://example.org/entity//m/0np9r,http://example.org/relation//people/person/profession
http://example.org/entity//m/0fby2t,http://example.org/entity//m/0bq8tmw,http://example.org/relation//film/actor/film./film/performance/film
http://example.org/entity//m/03swmf,http://example.org/entity//m/08z956,http://example.org/relation//people/person/profession
http://example.org/entity//m/0gr0m,http://example.org/entity//m/0pd6l,http://example.org/relation//award/award_category/nominees./award/award_nomination/nominated_for
http://example.org/entity//m/01stzp,http://example.org/entity//m/0j3v,http://example.org/relation//education/educational_institution/students_graduates./education/education/student
http://example.org/entity//m/01flzb,http://example.org/entity//m/01vvzb1,http://example.org/relation//music/genre/artists
http://example.org/entity//m/059x0w,http://example.org/entity//m/07bdd_,http://example.org/relation//award/award_nominee/award_nominations./award/award_nomination/award
http://example.org/entity//m/02sdk9v,http://example.org/entity//m/01dtl,http://example.org/relation//sports/sports_position/players./sports/sports_team_roster/team
http://example.org/entity//m/09wnnb,http://example.org/entity//m/09nqf,http://example.org/relation//film/film/estimated_budget./measurement_unit/dated_money_value/currency
http://example.org/entity//m/06lht1,http://example.org/entity//m/05b6rdt,http://example.org/relation//film/actor/film./film/performance/film
http://example.org/entity//m/087yty,http://example.org/entity//m/02_286,http://example.org/relation//people/person/place_of_birth
http://example.org/entity//m/03z9585,http://example.org/entity//m/03spz,http://example.org/relation//film/film/release_date_s./film/film_regional_release_date/film_release_region
http://example.org/entity//m/0gr0m,http://example.org/entity//m/02__34,http://example.org/relation//award/award_category/nominees./award/award_nomination/nominated_for
http://example.org/entity//m/01qrb2,http://example.org/entity//m/09nqf,http://example.org/relation//education/university/domestic_tuition./measurement_unit/dated_money_value/currency
http://example.org/entity//m/08ff1k,http://example.org/entity//m/015cjr,http://example.org/relation//people/person/profession
http://example.org/entity//m/01xcfy,http://example.org/entity//m/07ssc,http://example.org/relation//people/person/nationality
http://example.org/entity//m/02lk60,http://example.org/entity//m/04xvh5,http://example.org/relation//film/film/genre
http://example.org/entity//m/03xkps,http://example.org/entity//m/03cvv4,http://example.org/relation//award/award_winner/awards_won./award/award_honor/award_winner
http://example.org/entity//m/02wvf2s,http://example.org/entity//m/06b1q,http://example.org/relation//american_football/football_team/current_roster./sports/sports_team_roster/position
http://example.org/entity//m/01gvxv,http://example.org/entity//m/0cqgl9,http://example.org/relation//award/award_nominee/award_nominations./award/award_nomination/award
http://example.org/entity//m/0lwkh,http://example.org/entity//m/09j2d,http://example.org/relation//business/business_operation/industry
http://example.org/entity//m/0kvb6p,http://example.org/entity//m/01dc60,http://example.org/relation//film/film/film_format
http://example.org/entity//m/06fxnf,http://example.org/entity//m/06ztvyx,http://example.org/relation//award/award_nominee/award_nominations./award/award_nomination/nominated_for
http://example.org/entity//m/0gh6j94,http://example.org/entity//m/04306rv,http://example.org/relation//film/film/language
http://example.org/entity//m/06mkj,http://example.org/entity//m/0l6ny,http://example.org/relation//olympics/olympic_participating_country/athletes./olympics/olympic_athlete_affiliation/olympics
http://example.org/entity//m/02x258x,http://example.org/entity//m/04pk1f,http://example.org/relation//award/award_category/nominees./award/award_nomination/nominated_for
http://example.org/entity//m/0c7t58,http://example.org/entity//m/04x4s2,http://example.org/relation//award/award_winner/awards_won./award/award_honor/award_winner
http://example.org/entity//m/0hvb2,http://example.org/entity//m/01z7s_,http://example.org/relation//award/award_nominee/award_nominations./award/award_nomination/award_nominee
http://example.org/entity//m/0127s7,http://example.org/entity//m/0y62n,http://example.org/relation//people/person/place_of_birth
http://example.org/entity//m/0g7vxv,http://example.org/entity//m/02b13j,http://example.org/relation//sports/pro_athlete/teams./sports/sports_team_roster/team
http://example.org/entity//m/01l2fn,http://example.org/entity//m/01dzq6,http://example.org/relation//people/person/places_lived./people/place_lived/location
http://example.org/entity//m/0kzy0,http://example.org/entity//m/08mbj5d,http://example.org/relation//common/topic/webpage./common/webpage/category
http://example.org/entity//m/04dn09n,http://example.org/entity//m/0g5b0q5,http://example.org/relation//award/award_category/winners./award/award_honor/ceremony
http://example.org/entity//m/02g_6x,http://example.org/entity//m/0wsr,http://example.org/relation//sports/sports_position/players./sports/sports_team_roster/team
http://example.org/entity//m/01fscv,http://example.org/entity//m/08mbj5d,http://example.org/relation//common/topic/webpage./common/webpage/category
http://example.org/entity//m/050zr4,http://example.org/entity//m/06q8qh,http://example.org/relation//award/award_nominee/award_nominations./award/award_nomination/nominated_for
http://example.org/entity//m/0194d,http://example.org/entity//m/03ryn,http://example.org/relation//olympics/olympic_sport/athletes./olympics/olympic_athlete_affiliation/country
http://example.org/entity//m/02_j7t,http://example.org/entity//m/05zppz,http://example.org/relation//people/person/gender
http://example.org/entity//m/0mhfr,http://example.org/entity//m/0pkyh,http://example.org/relation//music/genre/artists
http://example.org/entity//m/02dth1,http://example.org/entity//m/0bdwqv,http://example.org/relation//award/award_nominee/award_nominations./award/award_nomination/award
http://example.org/entity//m/045931,http://example.org/entity//m/01cssf,http://example.org/relation//film/actor/film./film/performance/film
http://example.org/entity//m/03qlv7,http://example.org/entity//m/03t22m,http://example.org/relation//music/performance_role/guest_performances./music/recording_contribution/performance_role
http://example.org/entity//m/01wy5m,http://example.org/entity//m/043tvp3,http://example.org/relation//film/actor/film./film/performance/film
http://example.org/entity//m/0b90_r,http://example.org/entity//m/02j71,http://example.org/relation//base/aareas/schema/administrative_area/administrative_parent
http://example.org/entity//m/04gv3db,http://example.org/entity//m/02h40lc,http://example.org/relation//film/film/language
http://example.org/entity//m/06b0d2,http://example.org/entity//m/02hrh1q,http://example.org/relation//people/person/profession
http://example.org/entity//m/01s7w3,http://example.org/entity//m/056wb,http://example.org/relation//award/award_winning_work/awards_won./award/award_honor/award_winner
http://example.org/entity//m/0bx0lc,http://example.org/entity//m/0f830f,http://example.org/relation//award/award_winner/awards_won./award/award_honor/award_winner
http://example.org/entity//m/05sy_5,http://example.org/entity//m/07fb8_,http://example.org/relation//film/film/film_format
http://example.org/entity//m/035qy,http://example.org/entity//m/0jdx,http://example.org/relation//location/location/adjoin_s./location/adjoining_relationship/adjoins
http://example.org/entity//m/02l4rh,http://example.org/entity//m/016gr2,http://example.org/relation//award/award_nominee/award_nominations./award/award_nomination/award_nominee
http://example.org/entity//m/0krdk,http://example.org/entity//m/01dfb6,http://example.org/relation//business/job_title/people_with_this_title./business/employment_tenure/company
http://example.org/entity//m/02p3cr5,http://example.org/entity//m/01wbz9,http://example.org/relation//music/record_label/artist
http://example.org/entity//m/07fj_,http://example.org/entity//m/03_r_5,http://example.org/relation//sports/sports_team_location/teams
http://example.org/entity//m/02_p8v,http://example.org/entity//m/049d1,http://example.org/relation//people/person/place_of_birth
http://example.org/entity//m/01rhl,http://example.org/entity//m/02fsn,http://example.org/relation//music/performance_role/track_performances./music/track_contribution/role
http://example.org/entity//m/04sry,http://example.org/entity//m/0c8wxp,http://example.org/relation//people/person/religion
http://example.org/entity//m/06m_5,http://example.org/entity//m/01sg4_,http://example.org/relation//location/location/contains
http://example.org/entity//m/01rthc,http://example.org/entity//m/01hrqc,http://example.org/relation//music/genre/artists
http://example.org/entity//m/01qzyz,http://example.org/entity//m/05r5c,http://example.org/relation//music/performance_role/regular_performances./music/group_membership/role
http://example.org/entity//m/0139q5,http://example.org/entity//m/064_8sq,http://example.org/relation//people/person/languages
http://example.org/entity//m/0h095,http://example.org/entity//m/08mbj5d,http://example.org/relation//common/topic/webpage./common/webpage/category
http://example.org/entity//m/06w58f,http://example.org/entity//m/06j0md,http://example.org/relation//award/award_winner/awards_won./award/award_honor/award_winner
http://example.org/entity//m/0h2zvzr,http://example.org/entity//m/03rk0,http://example.org/relation//film/film/release_date_s./film/film_regional_release_date/film_release_region
http://example.org/entity//m/02pqgt8,http://example.org/entity//m/07mgr,http://example.org/relation//people/person/places_lived./people/place_lived/location
http://example.org/entity//m/0gx1bnj,http://example.org/entity//m/092kgw,http://example.org/relation//film/film/produced_by
http://example.org/entity//m/01k60v,http://example.org/entity//m/0hrcs29,http://example.org/relation//film/film/film_festivals
http://example.org/entity//m/03_d0,http://example.org/entity//m/012z8_,http://example.org/relation//music/genre/artists
http://example.org/entity//m/05nqq3,http://example.org/entity//m/018gz8,http://example.org/relation//people/person/profession
http://example.org/entity//m/02w29z,http://example.org/entity//m/0btbyn,http://example.org/relation//award/award_nominee/award_nominations./award/award_nomination/nominated_for
http://example.org/entity//m/02bxd,http://example.org/entity//m/026t6,http://example.org/relation//music/performance_role/track_performances./music/track_contribution/role
http://example.org/entity//m/03g90h,http://example.org/entity//m/0br1w,http://example.org/relation//film/film/story_by
http://example.org/entity//m/041rx,http://example.org/entity//m/03_vx9,http://example.org/relation//people/ethnicity/people
http://example.org/entity//m/0d29z,http://example.org/entity//m/06qd3,http://example.org/relation//people/ethnicity/geographic_distribution
http://example.org/entity//m/019f4v,http://example.org/entity//m/0fy66,http://example.org/relation//award/award_category/nominees./award/award_nomination/nominated_for
http://example.org/entity//m/047g8h,http://example.org/entity//m/01ct6,http://example.org/relation//sports/sports_position/players./sports/sports_team_roster/team
http://example.org/entity//m/0gh65c5,http://example.org/entity//m/04gzd,http://example.org/relation//film/film/release_date_s./film/film_regional_release_date/film_release_region
http://example.org/entity//m/0bdw1g,http://example.org/entity//m/030b93,http://example.org/relation//award/award_category/winners./award/award_honor/award_winner
http://example.org/entity//m/0blpg,http://example.org/entity//m/06cvj,http://example.org/relation//film/film/genre
http://example.org/entity//m/059j2,http://example.org/entity//m/0f8l9c,http://example.org/relation//military/military_combatant/military_conflicts./military/military_combatant_group/combatants
http://example.org/entity//m/04h68j,http://example.org/entity//m/02krf9,http://example.org/relation//people/person/profession
http://example.org/entity//m/0l98s,http://example.org/entity//m/071t0,http://example.org/relation//user/jg/default_domain/olympic_games/sports
http://example.org/entity//m/02lgfh,http://example.org/entity//m/01l1sq,http://example.org/relation//award/award_nominee/award_nominations./award/award_nomination/award_nominee
http://example.org/entity//m/04g4n,http://example.org/entity//m/01b_lz,http://example.org/relation//award/award_nominee/award_nominations./award/award_nomination/nominated_for
http://example.org/entity//m/089tm,http://example.org/entity//m/02f73b,http://example.org/relation//award/award_nominee/award_nominations./award/award_nomination/award
http://example.org/entity//m/06p8m,http://example.org/entity//m/06nm1,http://example.org/relation//base/schemastaging/organization_extra/phone_number./base/schemastaging/phone_sandbox/service_language
http://example.org/entity//m/05683cn,http://example.org/entity//m/0gq_v,http://example.org/relation//award/award_nominee/award_nominations./award/award_nomination/award
http://example.org/entity//m/04dn09n,http://example.org/entity//m/0m313,http://example.org/relation//award/award_category/nominees./award/award_nomination/nominated_for
http://example.org/entity//m/0xhtw,http://example.org/entity//m/0mjn2,http://example.org/relation//music/genre/artists
http://example.org/entity//m/05fgt1,http://example.org/entity//m/07s9rl0,http://example.org/relation//film/film/genre
http://example.org/entity//m/034qrh,http://example.org/entity//m/0mdqp,http://example.org/relation//award/award_winning_work/awards_won./award/award_honor/award_winner
http://example.org/entity//m/03vgp7,http://example.org/entity//m/09c7w0,http://example.org/relation//people/person/nationality
http://example.org/entity//m/0c4f4,http://example.org/entity//m/06hhrs,http://example.org/relation//award/award_nominee/award_nominations./award/award_nomination/award_nominee
http://example.org/entity//m/047xyn,http://example.org/entity//m/0dz46,http://example.org/relation//award/award_category/winners./award/award_honor/award_winner
http://example.org/entity//m/02cg7g,http://example.org/entity//m/0498y,http://example.org/relation//government/legislative_session/members./government/government_position_held/district_represented
http://example.org/entity//m/0jtg0,http://example.org/entity//m/0342h,http://example.org/relation//music/performance_role/track_performances./music/track_contribution/role
http://example.org/entity//m/01yg9y,http://example.org/entity//m/06n7h7,http://example.org/relation//award/award_nominee/award_nominations./award/award_nomination/award_nominee
http://example.org/entity//m/04wg38,http://example.org/entity//m/01d_h8,http://example.org/relation//people/person/profession
http://example.org/entity//m/0djc3s,http://example.org/entity//m/01c72t,http://example.org/relation//people/person/profession
http://example.org/entity//m/0y3_8,http://example.org/entity//m/01w5n51,http://example.org/relation//music/genre/artists
http://example.org/entity//m/0j_t1,http://example.org/entity//m/07ssc,http://example.org/relation//film/film/release_date_s./film/film_regional_release_date/film_release_region
http://example.org/entity//m/01c9jp,http://example.org/entity//m/09n4nb,http://example.org/relation//award/award_category/winners./award/award_honor/ceremony
http://example.org/entity//m/0h5g_,http://example.org/entity//m/03t79f,http://example.org/relation//film/actor/film./film/performance/film
http://example.org/entity//m/0c9xjl,http://example.org/entity//m/05qbckf,http://example.org/relation//film/actor/film./film/performance/film
http://example.org/entity//m/0dgrwqr,http://example.org/entity//m/01znc_,http://example.org/relation//film/film/release_date_s./film/film_regional_release_date/film_release_region
http://example.org/entity//m/045zr,http://example.org/entity//m/05r5c,http://example.org/relation//music/artist/track_contributions./music/track_contribution/role
http://example.org/entity//m/0c4f4,http://example.org/entity//m/01g63y,http://example.org/relation//people/person/spouse_s./people/marriage/type_of_union
http://example.org/entity//m/0bdx29,http://example.org/entity//m/015ppk,http://example.org/relation//award/award_category/nominees./award/award_nomination/nominated_for
http://example.org/entity//m/09g90vz,http://example.org/entity//m/09r9dp,http://example.org/relation//award/award_ceremony/awards_presented./award/award_honor/award_winner
http://example.org/entity//m/027hm_,http://example.org/entity//m/0yj9v,http://example.org/relation//people/person/places_lived./people/place_lived/location
http://example.org/entity//m/019f4v,http://example.org/entity//m/0jgwf,http://example.org/relation//award/award_category/winners./award/award_honor/award_winner
http://example.org/entity//m/057__d,http://example.org/entity//m/016tt2,http://example.org/relation//film/film/production_companies
http://example.org/entity//m/01qzt1,http://example.org/entity//m/01kcms4,http://example.org/relation//music/genre/artists
http://example.org/entity//m/02w9sd7,http://example.org/entity//m/0170xl,http://example.org/relation//award/award_category/nominees./award/award_nomination/nominated_for
http://example.org/entity//m/01w8g3,http://example.org/entity//m/05p553,http://example.org/relation//film/film/genre
http://example.org/entity//m/0kv238,http://example.org/entity//m/03h64,http://example.org/relation//film/film/release_date_s./film/film_regional_release_date/film_release_region
http://example.org/entity//m/074w86,http://example.org/entity//m/02h40lc,http://example.org/relation//film/film/language
http://example.org/entity//m/0dbbz,http://example.org/entity//m/0ywrc,http://example.org/relation//award/award_nominee/award_nominations./award/award_nomination/nominated_for
http://example.org/entity//m/02pxmgz,http://example.org/entity//m/09zzb8,http://example.org/relation//film/film/other_crew./film/film_crew_gig/film_crew_role
http://example.org/entity//m/0k269,http://example.org/entity//m/0g5838s,http://example.org/relation//film/actor/film./film/performance/film
http://example.org/entity//m/01rzqj,http://example.org/entity//m/05dtwm,http://example.org/relation//award/award_nominee/award_nominations./award/award_nomination/award_nominee
http://example.org/entity//m/04g3p5,http://example.org/entity//m/01pcmd,http://example.org/relation//award/award_nominee/award_nominations./award/award_nomination/award_nominee
http://example.org/entity//m/028_yv,http://example.org/entity//m/0prpt,http://example.org/relation//film/film/release_date_s./film/film_regional_release_date/film_regional_debut_venue
http://example.org/entity//m/0fgpvf,http://example.org/entity//m/0cj16,http://example.org/relation//film/film/film_format
http://example.org/entity//m/04ykg,http://example.org/entity//m/04n6k,http://example.org/relation//user/tsegaran/random/taxonomy_subject/entry./user/tsegaran/random/taxonomy_entry/taxonomy
http://example.org/entity//m/0fd3y,http://example.org/entity//m/03fbc,http://example.org/relation//music/genre/artists
http://example.org/entity//m/01pcq3,http://example.org/entity//m/06w2yp9,http://example.org/relation//award/award_winner/awards_won./award/award_honor/award_winner
http://example.org/entity//m/01l47f5,http://example.org/entity//m/0dz3r,http://example.org/relation//people/person/profession
http://example.org/entity//m/0dq626,http://example.org/entity//m/029j_,http://example.org/relation//film/film/release_date_s./film/film_regional_release_date/film_release_distribution_medium
http://example.org/entity//m/033hn8,http://example.org/entity//m/016376,http://example.org/relation//music/record_label/artist
http://example.org/entity//m/05q8pss,http://example.org/entity//m/0258dh,http://example.org/relation//award/award_category/nominees./award/award_nomination/nominated_for
http://example.org/entity//m/05dtwm,http://example.org/entity//m/04tqtl,http://example.org/relation//film/actor/film./film/performance/film
http://example.org/entity//m/03y82t6,http://example.org/entity//m/015_1q,http://example.org/relation//people/person/employment_history./business/employment_tenure/company
http://example.org/entity//m/04q7r,http://example.org/entity//m/0214km,http://example.org/relation//music/performance_role/track_performances./music/track_contribution/role
http://example.org/entity//m/01vsy3q,http://example.org/entity//m/01w60_p,http://example.org/relation//influence/influence_node/influenced_by
http://example.org/entity//m/018j2,http://example.org/entity//m/01dnws,http://example.org/relation//music/performance_role/regular_performances./music/group_membership/role
http://example.org/entity//m/03t1s,http://example.org/entity//m/03bdv,http://example.org/relation//location/location/time_zones
http://example.org/entity//m/024lt6,http://example.org/entity//m/05p553,http://example.org/relation//film/film/genre
http://example.org/entity//m/0557q,http://example.org/entity//m/01tl50z,http://example.org/relation//music/genre/artists
http://example.org/entity//m/02nzb8,http://example.org/entity//m/0d2psv,http://example.org/relation//sports/sports_position/players./sports/sports_team_roster/team
http://example.org/entity//m/07s9rl0,http://example.org/entity//m/025rvx0,http://example.org/relation//media_common/netflix_genre/titles
http://example.org/entity//m/01ft14,http://example.org/entity//m/0c4xc,http://example.org/relation//tv/tv_program/genre
http://example.org/entity//m/0151b0,http://example.org/entity//m/06ncr,http://example.org/relation//music/performance_role/regular_performances./music/group_membership/role
http://example.org/entity//m/08g5q7,http://example.org/entity//m/06wvj,http://example.org/relation//people/cause_of_death/people
http://example.org/entity//m/02ryz24,http://example.org/entity//m/0ch6mp2,http://example.org/relation//film/film/other_crew./film/film_crew_gig/film_crew_role
http://example.org/entity//m/0dn3n,http://example.org/entity//m/05zr6wv,http://example.org/relation//award/award_nominee/award_nominations./award/award_nomination/award
http://example.org/entity//m/02v703,http://example.org/entity//m/015882,http://example.org/relation//award/award_category/winners./award/award_honor/award_winner
http://example.org/entity//m/01mqnr,http://example.org/entity//m/0gqy2,http://example.org/relation//award/award_nominee/award_nominations./award/award_nomination/award
http://example.org/entity//m/0b25vg,http://example.org/entity//m/047d21r,http://example.org/relation//award/award_nominee/award_nominations./award/award_nomination/nominated_for
http://example.org/entity//m/049qx,http://example.org/entity//m/02h40lc,http://example.org/relation//people/person/languages
http://example.org/entity//m/0hcm7,http://example.org/entity//m/0dgrmp,http://example.org/relation//soccer/football_team/current_roster./sports/sports_team_roster/position
http://example.org/entity//m/0d1w9,http://example.org/entity//m/07jnt,http://example.org/relation//film/film_subject/films
http://example.org/entity//m/0jtg0,http://example.org/entity//m/04q7r,http://example.org/relation//music/performance_role/track_performances./music/track_contribution/role
http://example.org/entity//m/06qjgc,http://example.org/entity//m/02tb17,http://example.org/relation//people/person/places_lived./people/place_lived/location
http://example.org/entity//m/01nds,http://example.org/entity//m/020mfr,http://example.org/relation//business/business_operation/industry
http://example.org/entity//m/07l4zhn,http://example.org/entity//m/02l7c8,http://example.org/relation//film/film/genre
http://example.org/entity//m/0kszw,http://example.org/entity//m/027571b,http://example.org/relation//award/award_nominee/award_nominations./award/award_nomination/award
http://example.org/entity//m/02_xgp2,http://example.org/entity//m/01mpwj,http://example.org/relation//education/educational_degree/people_with_this_degree./education/education/institution
http://example.org/entity//m/086k8,http://example.org/entity//m/08ct6,http://example.org/relation//film/film_distributor/films_distributed./film/film_film_distributor_relationship/film
http://example.org/entity//m/0dlglj,http://example.org/entity//m/01qscs,http://example.org/relation//award/award_winner/awards_won./award/award_honor/award_winner
http://example.org/entity//m/04vr_f,http://example.org/entity//m/057xs89,http://example.org/relation//award/award_winning_work/awards_won./award/award_honor/award
http://example.org/entity//m/025jfl,http://example.org/entity//m/08mbj5d,http://example.org/relation//common/topic/webpage./common/webpage/category
http://example.org/entity//m/07bwr,http://example.org/entity//m/09zzb8,http://example.org/relation//film/film/other_crew./film/film_crew_gig/film_crew_role
http://example.org/entity//m/02wgln,http://example.org/entity//m/02v_r7d,http://example.org/relation//film/actor/film./film/performance/film
http://example.org/entity//m/0hvb2,http://example.org/entity//m/016vg8,http://example.org/relation//award/award_nominee/award_nominations./award/award_nomination/award_nominee
http://example.org/entity//m/016z7s,http://example.org/entity//m/05p553,http://example.org/relation//film/film/genre
http://example.org/entity//m/0h1v19,http://example.org/entity//m/04jpl,http://example.org/relation//film/film/release_date_s./film/film_regional_release_date/film_release_region
http://example.org/entity//m/06pj8,http://example.org/entity//m/0cc8l6d,http://example.org/relation//award/award_nominee/award_nominations./award/award_nomination/award
http://example.org/entity//m/04dn09n,http://example.org/entity//m/0p9tm,http://example.org/relation//award/award_category/nominees./award/award_nomination/nominated_for
http://example.org/entity//m/04jkpgv,http://example.org/entity//m/09nqf,http://example.org/relation//film/film/estimated_budget./measurement_unit/dated_money_value/currency
http://example.org/entity//m/0dgrmp,http://example.org/entity//m/0272vm,http://example.org/relation//sports/sports_position/players./sports/sports_team_roster/team
http://example.org/entity//m/03rl1g,http://example.org/entity//m/07b_l,http://example.org/relation//government/legislative_session/members./government/government_position_held/district_represented
http://example.org/entity//m/0253b6,http://example.org/entity//m/0tc7,http://example.org/relation//award/award_nominee/award_nominations./award/award_nomination/award_nominee
http://example.org/entity//m/01ksr1,http://example.org/entity//m/03lq43,http://example.org/relation//award/award_winner/awards_won./award/award_honor/award_winner
http://example.org/entity//m/02nzb8,http://example.org/entity//m/01zhs3,http://example.org/relation//sports/sports_position/players./sports/sports_team_roster/team
http://example.org/entity//m/018pj3,http://example.org/entity//m/02fsn,http://example.org/relation//music/group_member/membership./music/group_membership/role
http://example.org/entity//m/03q3sy,http://example.org/entity//m/03q3x5,http://example.org/relation//award/award_nominee/award_nominations./award/award_nomination/award_nominee
http://example.org/entity//m/05ccxr,http://example.org/entity//m/01c72t,http://example.org/relation//people/person/profession
http://example.org/entity//m/02cyfz,http://example.org/entity//m/0bth54,http://example.org/relation//award/award_nominee/award_nominations./award/award_nomination/nominated_for
http://example.org/entity//m/0f5xn,http://example.org/entity//m/0gqy2,http://example.org/relation//award/award_nominee/award_nominations./award/award_nomination/award
http://example.org/entity//m/08w7vj,http://example.org/entity//m/02l6dy,http://example.org/relation//award/award_winner/awards_won./award/award_honor/award_winner
http://example.org/entity//m/0g9lm2,http://example.org/entity//m/03qmx_f,http://example.org/relation//film/film/produced_by
http://example.org/entity//m/02cx90,http://example.org/entity//m/0sbv7,http://example.org/relation//music/artist/origin
http://example.org/entity//m/014mlp,http://example.org/entity//m/0bwfn,http://example.org/relation//education/educational_degree/people_with_this_degree./education/education/institution
http://example.org/entity//m/0bl3nn,http://example.org/entity//m/03mdw3c,http://example.org/relation//film/film/film_production_design_by
http://example.org/entity//m/060c4,http://example.org/entity//m/02j416,http://example.org/relation//organization/role/leaders./organization/leadership/organization
http://example.org/entity//m/0pb33,http://example.org/entity//m/01jfsb,http://example.org/relation//film/film/genre
http://example.org/entity//m/016z2j,http://example.org/entity//m/0bc1yhb,http://example.org/relation//film/actor/film./film/performance/film
http://example.org/entity//m/02c638,http://example.org/entity//m/0lsxr,http://example.org/relation//film/film/genre
http://example.org/entity//m/01wk3c,http://example.org/entity//m/0bfvd4,http://example.org/relation//award/award_nominee/award_nominations./award/award_nomination/award
http://example.org/entity//m/09qrn4,http://example.org/entity//m/03nnm4t,http://example.org/relation//award/award_category/winners./award/award_honor/ceremony
http://example.org/entity//m/03w1v2,http://example.org/entity//m/027dtv3,http://example.org/relation//award/award_winner/awards_won./award/award_honor/award_winner
http://example.org/entity//m/0gs9p,http://example.org/entity//m/0k4fz,http://example.org/relation//award/award_category/nominees./award/award_nomination/nominated_for
http://example.org/entity//m/01n7q,http://example.org/entity//m/06b7s9,http://example.org/relation//location/location/contains
http://example.org/entity//m/01vs14j,http://example.org/entity//m/09jwl,http://example.org/relation//people/person/profession
http://example.org/entity//m/0879bpq,http://example.org/entity//m/0345h,http://example.org/relation//film/film/release_date_s./film/film_regional_release_date/film_release_region
http://example.org/entity//m/069ld1,http://example.org/entity//m/0276jmv,http://example.org/relation//award/award_nominee/award_nominations./award/award_nomination/award_nominee
http://example.org/entity//m/033g4d,http://example.org/entity//m/02mslq,http://example.org/relation//film/film/music
http://example.org/entity//m/02sfnv,http://example.org/entity//m/0fr0t,http://example.org/relation//film/film/featured_film_locations
http://example.org/entity//m/01wy6,http://example.org/entity//m/03t22m,http://example.org/relation//music/performance_role/guest_performances./music/recording_contribution/performance_role
http://example.org/entity//m/0btpm6,http://example.org/entity//m/0735l,http://example.org/relation//film/film/distributors./film/film_film_distributor_relationship/film_distribution_medium
http://example.org/entity//m/0rs6x,http://example.org/entity//m/0jbk9,http://example.org/relation//location/hud_foreclosure_area/estimated_number_of_mortgages./measurement_unit/dated_integer/source
http://example.org/entity//m/02k_px,http://example.org/entity//m/0jgd,http://example.org/relation//location/administrative_division/country
http://example.org/entity//m/0dbxy,http://example.org/entity//m/09c7w0,http://example.org/relation//people/ethnicity/geographic_distribution
http://example.org/entity//m/064jjy,http://example.org/entity//m/01d_h8,http://example.org/relation//people/person/profession
http://example.org/entity//m/027r9t,http://example.org/entity//m/02r96rf,http://example.org/relation//film/film/other_crew./film/film_crew_gig/film_crew_role
http://example.org/entity//m/01w0yrc,http://example.org/entity//m/02hrh1q,http://example.org/relation//people/person/profession
http://example.org/entity//m/0ff3y,http://example.org/entity//m/07dnx,http://example.org/relation//influence/influence_node/influenced_by
http://example.org/entity//m/06mxs,http://example.org/entity//m/040fb,http://example.org/relation//travel/travel_destination/climate./travel/travel_destination_monthly_climate/month
http://example.org/entity//m/08phg9,http://example.org/entity//m/03l3jy,http://example.org/relation//award/award_winning_work/awards_won./award/award_honor/award_winner
http://example.org/entity//m/03bx0bm,http://example.org/entity//m/01vj9c,http://example.org/relation//music/performance_role/regular_performances./music/group_membership/role
http://example.org/entity//m/02778yp,http://example.org/entity//m/02778tk,http://example.org/relation//award/award_nominee/award_nominations./award/award_nomination/award_nominee
http://example.org/entity//m/01rh0w,http://example.org/entity//m/0d1pc,http://example.org/relation//people/person/profession
http://example.org/entity//m/056zf9,http://example.org/entity//m/02nzb8,http://example.org/relation//soccer/football_team/current_roster./soccer/football_roster_position/position
http://example.org/entity//m/01w5m,http://example.org/entity//m/02jtjz,http://example.org/relation//education/educational_institution/students_graduates./education/education/student
http://example.org/entity//m/01r3hr,http://example.org/entity//m/06x76,http://example.org/relation//sports/sports_position/players./sports/sports_team_roster/team
http://example.org/entity//m/015lhm,http://example.org/entity//m/01wyy_,http://example.org/relation//base/popstra/celebrity/friendship./base/popstra/friendship/participant
http://example.org/entity//m/01541z,http://example.org/entity//m/05wqr1,http://example.org/relation//award/award_nominee/award_nominations./award/award_nomination/award_nominee
http://example.org/entity//m/046rfv,http://example.org/entity//m/02h40lc,http://example.org/relation//people/person/languages
http://example.org/entity//m/0f6_x,http://example.org/entity//m/0f4x7,http://example.org/relation//award/award_nominee/award_nominations./award/award_nomination/award
http://example.org/entity//m/01w40h,http://example.org/entity//m/0dw4g,http://example.org/relation//music/record_label/artist
http://example.org/entity//m/01vsykc,http://example.org/entity//m/017vkx,http://example.org/relation//award/award_winner/awards_won./award/award_honor/award_winner
http://example.org/entity//m/0f_y9,http://example.org/entity//m/02cl1,http://example.org/relation//people/person/places_lived./people/place_lived/location
http://example.org/entity//m/0879bpq,http://example.org/entity//m/0chghy,http://example.org/relation//film/film/release_date_s./film/film_regional_release_date/film_release_region
http://example.org/entity//m/058z1hb,http://example.org/entity//m/05zppz,http://example.org/relation//people/person/gender
http://example.org/entity//m/027ct7c,http://example.org/entity//m/01t_vv,http://example.org/relation//film/film/genre
http://example.org/entity//m/03bwzr4,http://example.org/entity//m/01q0kg,http://example.org/relation//education/educational_degree/people_with_this_degree./education/education/institution
http://example.org/entity//m/02f76h,http://example.org/entity//m/018n6m,http://example.org/relation//award/award_category/winners./award/award_honor/award_winner
http://example.org/entity//m/0kxf1,http://example.org/entity//m/05r4w,http://example.org/relation//film/film/release_date_s./film/film_regional_release_date/film_release_region
http://example.org/entity//m/0jyb4,http://example.org/entity//m/06mkj,http://example.org/relation//film/film/release_date_s./film/film_regional_release_date/film_release_region
http://example.org/entity//m/0ggbfwf,http://example.org/entity//m/0k6nt,http://example.org/relation//film/film/release_date_s./film/film_regional_release_date/film_release_region
http://example.org/entity//m/01vvdm,http://example.org/entity//m/025352,http://example.org/relation//people/person/profession
http://example.org/entity//m/067pl7,http://example.org/entity//m/0177z,http://example.org/relation//people/person/place_of_birth
http://example.org/entity//m/0gsg7,http://example.org/entity//m/05nlzq,http://example.org/relation//tv/tv_network/programs./tv/tv_network_duration/program
http://example.org/entity//m/084l5,http://example.org/entity//m/08ns5s,http://example.org/relation//sports/sports_team/roster./american_football/football_roster_position/position
http://example.org/entity//m/02qx69,http://example.org/entity//m/01n5309,http://example.org/relation//base/popstra/celebrity/dated./base/popstra/dated/participant
http://example.org/entity//m/0b9dmk,http://example.org/entity//m/08s_lw,http://example.org/relation//award/award_nominee/award_nominations./award/award_nomination/award_nominee
http://example.org/entity//m/0gs96,http://example.org/entity//m/02yv_b,http://example.org/relation//award/award_category/winners./award/award_honor/ceremony
http://example.org/entity//m/0nr2v,http://example.org/entity//m/03rjj,http://example.org/relation//base/aareas/schema/administrative_area/administrative_parent
http://example.org/entity//m/0879bpq,http://example.org/entity//m/0d05w3,http://example.org/relation//film/film/release_date_s./film/film_regional_release_date/film_release_region
http://example.org/entity//m/0hwbd,http://example.org/entity//m/04j13sx,http://example.org/relation//award/award_nominee/award_nominations./award/award_nomination/nominated_for
http://example.org/entity//m/0g8st4,http://example.org/entity//m/01qdmh,http://example.org/relation//film/actor/film./film/performance/film
http://example.org/entity//m/0dlngsd,http://example.org/entity//m/05v8c,http://example.org/relation//film/film/release_date_s./film/film_regional_release_date/film_release_region
http://example.org/entity//m/06mn7,http://example.org/entity//m/0d4jl,http://example.org/relation//influence/influence_node/influenced_by
http://example.org/entity//m/07sgfvl,http://example.org/entity//m/02hrh1q,http://example.org/relation//people/person/profession
http://example.org/entity//m/027zz,http://example.org/entity//m/085pr,http://example.org/relation//influence/influence_node/influenced_by
http://example.org/entity//m/017c87,http://example.org/entity//m/0dxtg,http://example.org/relation//people/person/profession
http://example.org/entity//m/02cq61,http://example.org/entity//m/07szy,http://example.org/relation//education/educational_degree/people_with_this_degree./education/education/institution
http://example.org/entity//m/02s529,http://example.org/entity//m/0np9r,http://example.org/relation//people/person/profession
http://example.org/entity//m/02bqy,http://example.org/entity//m/03pp73,http://example.org/relation//education/educational_institution/students_graduates./education/education/student
http://example.org/entity//m/07ng9k,http://example.org/entity//m/0bn8fw,http://example.org/relation//film/film/dubbing_performances./film/dubbing_performance/actor
http://example.org/entity//m/01v1d8,http://example.org/entity//m/0l14qv,http://example.org/relation//music/performance_role/guest_performances./music/recording_contribution/performance_role
http://example.org/entity//m/054krc,http://example.org/entity//m/0g5ptf,http://example.org/relation//award/award_category/nominees./award/award_nomination/nominated_for
http://example.org/entity//m/0558_1,http://example.org/entity//m/0_jm,http://example.org/relation//education/educational_institution/students_graduates./education/education/major_field_of_study
http://example.org/entity//m/02qtywd,http://example.org/entity//m/025mb9,http://example.org/relation//award/award_nominee/award_nominations./award/award_nomination/award
http://example.org/entity//m/0194d,http://example.org/entity//m/04gzd,http://example.org/relation//olympics/olympic_sport/athletes./olympics/olympic_athlete_affiliation/country
http://example.org/entity//m/026mg3,http://example.org/entity//m/02cx90,http://example.org/relation//award/award_category/winners./award/award_honor/award_winner
http://example.org/entity//m/0315q3,http://example.org/entity//m/09yrh,http://example.org/relation//base/popstra/celebrity/breakup./base/popstra/breakup/participant
http://example.org/entity//m/09hyvp,http://example.org/entity//m/0dgrmp,http://example.org/relation//soccer/football_team/current_roster./soccer/football_roster_position/position
http://example.org/entity//m/0278x6s,http://example.org/entity//m/09c7w0,http://example.org/relation//people/person/nationality
http://example.org/entity//m/03nymk,http://example.org/entity//m/02h40lc,http://example.org/relation//tv/tv_program/languages
http://example.org/entity//m/09v71cj,http://example.org/entity//m/06t2t,http://example.org/relation//film/film/release_date_s./film/film_regional_release_date/film_release_region
http://example.org/entity//m/040nwr,http://example.org/entity//m/02hrh1q,http://example.org/relation//people/person/profession
http://example.org/entity//m/01bfjy,http://example.org/entity//m/051kd,http://example.org/relation//tv/tv_network/programs./tv/tv_network_duration/program
http://example.org/entity//m/0dsvzh,http://example.org/entity//m/07s9rl0,http://example.org/relation//film/film/genre
http://example.org/entity//m/0164qt,http://example.org/entity//m/03y1mlp,http://example.org/relation//film/film/costume_design_by
http://example.org/entity//m/0f4_l,http://example.org/entity//m/02x4wr9,http://example.org/relation//award/award_winning_work/awards_won./award/award_honor/award
http://example.org/entity//m/09gmmt6,http://example.org/entity//m/06mkj,http://example.org/relation//film/film/release_date_s./film/film_regional_release_date/film_release_region
http://example.org/entity//m/0k269,http://example.org/entity//m/0f4_2k,http://example.org/relation//film/actor/film./film/performance/film
http://example.org/entity//m/0gh8zks,http://example.org/entity//m/08qxx9,http://example.org/relation//award/award_winning_work/awards_won./award/award_honor/award_winner
http://example.org/entity//m/0p_pd,http://example.org/entity//m/02x4w6g,http://example.org/relation//award/award_nominee/award_nominations./award/award_nomination/award
http://example.org/entity//m/0d6d2,http://example.org/entity//m/0gq9h,http://example.org/relation//award/award_nominee/award_nominations./award/award_nomination/award
http://example.org/entity//m/0ksrf8,http://example.org/entity//m/0f6_dy,http://example.org/relation//award/award_winner/awards_won./award/award_honor/award_winner
http://example.org/entity//m/0pz7h,http://example.org/entity//m/01svq8,http://example.org/relation//influence/influence_node/influenced_by
http://example.org/entity//m/08959,http://example.org/entity//m/0fj9f,http://example.org/relation//people/person/profession
http://example.org/entity//m/0dj0m5,http://example.org/entity//m/01pj3h,http://example.org/relation//award/award_winning_work/awards_won./award/award_honor/award_winner
http://example.org/entity//m/0736qr,http://example.org/entity//m/03pmty,http://example.org/relation//award/award_nominee/award_nominations./award/award_nomination/award_nominee
http://example.org/entity//m/02swsm,http://example.org/entity//m/04cr6qv,http://example.org/relation//music/record_label/artist
http://example.org/entity//m/01mhwk,http://example.org/entity//m/015cxv,http://example.org/relation//award/award_ceremony/awards_presented./award/award_honor/award_winner
http://example.org/entity//m/05q96q6,http://example.org/entity//m/04wvhz,http://example.org/relation//film/film/produced_by
http://example.org/entity//m/05szp,http://example.org/entity//m/01pfkw,http://example.org/relation//base/popstra/celebrity/friendship./base/popstra/friendship/participant
http://example.org/entity//m/0b78hw,http://example.org/entity//m/0kyk,http://example.org/relation//people/person/profession
http://example.org/entity//m/04vvh9,http://example.org/entity//m/07ssc,http://example.org/relation//film/film/release_date_s./film/film_regional_release_date/film_release_region
http://example.org/entity//m/03fqv5,http://example.org/entity//m/05zppz,http://example.org/relation//people/person/gender
http://example.org/entity//m/02j416,http://example.org/entity//m/02stgt,http://example.org/relation//education/educational_institution/students_graduates./education/education/major_field_of_study
http://example.org/entity//m/040nwr,http://example.org/entity//m/03k50,http://example.org/relation//people/person/languages
http://example.org/entity//m/0hm10,http://example.org/entity//m/07s8z_l,http://example.org/relation//tv/tv_network/programs./tv/tv_network_duration/program
http://example.org/entity//m/01v8y9,http://example.org/entity//m/0l14md,http://example.org/relation//music/performance_role/track_performances./music/track_contribution/role
http://example.org/entity//m/083q7,http://example.org/entity//m/060c4,http://example.org/relation//government/politician/government_positions_held./government/government_position_held/basic_title
http://example.org/entity//m/03_3d,http://example.org/entity//m/02lf_x,http://example.org/relation//location/location/contains
http://example.org/entity//m/0356dp,http://example.org/entity//m/0dnqr,http://example.org/relation//film/actor/film./film/performance/film
http://example.org/entity//m/01vswwx,http://example.org/entity//m/01vdm0,http://example.org/relation//music/artist/track_contributions./music/track_contribution/role
http://example.org/entity//m/02_l96,http://example.org/entity//m/0kv2hv,http://example.org/relation//film/actor/film./film/performance/film
http://example.org/entity//m/026fd,http://example.org/entity//m/05zppz,http://example.org/relation//people/person/gender
http://example.org/entity//m/07gp9,http://example.org/entity//m/05ztjjw,http://example.org/relation//award/award_winning_work/awards_won./award/award_honor/award
http://example.org/entity//m/04jpl,http://example.org/entity//m/07ssc,http://example.org/relation//base/biblioness/bibs_location/country
http://example.org/entity//m/03x22w,http://example.org/entity//m/0828jw,http://example.org/relation//award/award_nominee/award_nominations./award/award_nomination/nominated_for
http://example.org/entity//m/02qny_,http://example.org/entity//m/05zppz,http://example.org/relation//people/person/gender
http://example.org/entity//m/0m63c,http://example.org/entity//m/06qd3,http://example.org/relation//film/film/release_date_s./film/film_regional_release_date/film_release_region
http://example.org/entity//m/01wd02c,http://example.org/entity//m/07ssc,http://example.org/relation//people/person/nationality
http://example.org/entity//m/0m0fw,http://example.org/entity//m/03f0fnk,http://example.org/relation//music/genre/artists
http://example.org/entity//m/025vwmy,http://example.org/entity//m/0265vcb,http://example.org/relation//award/award_nominee/award_nominations./award/award_nomination/award_nominee
http://example.org/entity//m/0gkz15s,http://example.org/entity//m/01ls2,http://example.org/relation//film/film/release_date_s./film/film_regional_release_date/film_release_region
http://example.org/entity//m/099cng,http://example.org/entity//m/02mt51,http://example.org/relation//award/award_category/nominees./award/award_nomination/nominated_for
http://example.org/entity//m/02q636,http://example.org/entity//m/09nqf,http://example.org/relation//organization/endowed_organization/endowment./measurement_unit/dated_money_value/currency
http://example.org/entity//m/06y3r,http://example.org/entity//m/0d6lp,http://example.org/relation//people/person/place_of_birth
http://example.org/entity//m/016tw3,http://example.org/entity//m/011yhm,http://example.org/relation//film/film_distributor/films_distributed./film/film_film_distributor_relationship/film
http://example.org/entity//m/0gn30,http://example.org/entity//m/0gffmn8,http://example.org/relation//film/actor/film./film/performance/film
http://example.org/entity//m/040nwr,http://example.org/entity//m/0d1pc,http://example.org/relation//people/person/profession
http://example.org/entity//m/043hg,http://example.org/entity//m/01g63y,http://example.org/relation//people/person/spouse_s./people/marriage/type_of_union
http://example.org/entity//m/01pcrw,http://example.org/entity//m/02hrh1q,http://example.org/relation//people/person/profession
http://example.org/entity//m/02tn0_,http://example.org/entity//m/04kzqz,http://example.org/relation//tv/tv_producer/programs_produced./tv/tv_producer_term/program
http://example.org/entity//m/01yhvv,http://example.org/entity//m/01qrbf,http://example.org/relation//award/award_nominee/award_nominations./award/award_nomination/award_nominee
http://example.org/entity//m/01w4c9,http://example.org/entity//m/01w4dy,http://example.org/relation//music/performance_role/track_performances./music/track_contribution/role
http://example.org/entity//m/03_3d,http://example.org/entity//m/0swbd,http://example.org/relation//olympics/olympic_participating_country/athletes./olympics/olympic_athlete_affiliation/olympics
http://example.org/entity//m/01g23m,http://example.org/entity//m/01pcq3,http://example.org/relation//award/award_nominee/award_nominations./award/award_nomination/award_nominee
http://example.org/entity//m/03n52j,http://example.org/entity//m/07_hy,http://example.org/relation//base/eating/practicer_of_diet/diet
http://example.org/entity//m/02wypbh,http://example.org/entity//m/026dx,http://example.org/relation//award/award_category/winners./award/award_honor/award_winner
http://example.org/entity//m/01y0y6,http://example.org/entity//m/0ckd1,http://example.org/relation//tv/tv_producer/programs_produced./tv/tv_producer_term/producer_type
http://example.org/entity//m/03k8th,http://example.org/entity//m/03rjj,http://example.org/relation//film/film/featured_film_locations
http://example.org/entity//m/04hhv,http://example.org/entity//m/09nqf,http://example.org/relation//location/statistical_region/gdp_nominal./measurement_unit/dated_money_value/currency
http://example.org/entity//m/0tbql,http://example.org/entity//m/0488g,http://example.org/relation//base/biblioness/bibs_location/state
http://example.org/entity//m/01qxc7,http://example.org/entity//m/0vgkd,http://example.org/relation//film/film/genre
http://example.org/entity//m/0127m7,http://example.org/entity//m/03knl,http://example.org/relation//base/popstra/celebrity/dated./base/popstra/dated/participant
http://example.org/entity//m/05dptj,http://example.org/entity//m/0bpbhm,http://example.org/relation//award/award_nominated_work/award_nominations./award/award_nomination/nominated_for
http://example.org/entity//m/07k2p6,http://example.org/entity//m/058kh7,http://example.org/relation//film/actor/film./film/performance/film
http://example.org/entity//m/04gqr,http://example.org/entity//m/07t65,http://example.org/relation//organization/organization_member/member_of./organization/organization_membership/organization
http://example.org/entity//m/064t9,http://example.org/entity//m/04gycf,http://example.org/relation//music/genre/artists
http://example.org/entity//m/087r4,http://example.org/entity//m/04n6k,http://example.org/relation//user/tsegaran/random/taxonomy_subject/entry./user/tsegaran/random/taxonomy_entry/taxonomy
http://example.org/entity//m/013zdg,http://example.org/entity//m/02bq1j,http://example.org/relation//education/educational_degree/people_with_this_degree./education/education/institution
http://example.org/entity//m/059rby,http://example.org/entity//m/04pk9,http://example.org/relation//location/statistical_region/religions./location/religion_percentage/religion
http://example.org/entity//m/0p9sw,http://example.org/entity//m/0_92w,http://example.org/relation//award/award_category/nominees./award/award_nomination/nominated_for
http://example.org/entity//m/05148p4,http://example.org/entity//m/03gvt,http://example.org/relation//music/performance_role/regular_performances./music/group_membership/role
http://example.org/entity//m/08xvpn,http://example.org/entity//m/029j_,http://example.org/relation//film/film/release_date_s./film/film_regional_release_date/film_release_distribution_medium
http://example.org/entity//m/0gqng,http://example.org/entity//m/0fz2y7,http://example.org/relation//award/award_category/winners./award/award_honor/ceremony
http://example.org/entity//m/025jfl,http://example.org/entity//m/03mz5b,http://example.org/relation//film/film_distributor/films_distributed./film/film_film_distributor_relationship/film
http://example.org/entity//m/015np0,http://example.org/entity//m/027dtxw,http://example.org/relation//award/award_nominee/award_nominations./award/award_nomination/award
http://example.org/entity//m/0b44shh,http://example.org/entity//m/035qy,http://example.org/relation//film/film/release_date_s./film/film_regional_release_date/film_release_region
http://example.org/entity//m/02yy_j,http://example.org/entity//m/0np9r,http://example.org/relation//people/person/profession
http://example.org/entity//m/0cnl80,http://example.org/entity//m/0bt4r4,http://example.org/relation//award/award_nominee/award_nominations./award/award_nomination/award_nominee
http://example.org/entity//m/07s9rl0,http://example.org/entity//m/07s846j,http://example.org/relation//media_common/netflix_genre/titles
http://example.org/entity//m/0gps0z,http://example.org/entity//m/02zsn,http://example.org/relation//people/person/gender
http://example.org/entity//m/026ck,http://example.org/entity//m/05zppz,http://example.org/relation//people/person/gender
http://example.org/entity//m/0jz71,http://example.org/entity//m/0jgd,http://example.org/relation//film/film/release_date_s./film/film_regional_release_date/film_release_region
http://example.org/entity//m/0k4fz,http://example.org/entity//m/06l6nj,http://example.org/relation//award/award_winning_work/awards_won./award/award_honor/award_winner
http://example.org/entity//m/060c4,http://example.org/entity//m/05zl0,http://example.org/relation//organization/role/leaders./organization/leadership/organization
http://example.org/entity//m/09lhln,http://example.org/entity//m/02b0zt,http://example.org/relation//sports/pro_athlete/teams./sports/sports_team_roster/team
http://example.org/entity//m/0w0d,http://example.org/entity//m/05b4w,http://example.org/relation//olympics/olympic_sport/athletes./olympics/olympic_athlete_affiliation/country
http://example.org/entity//m/0dc7hc,http://example.org/entity//m/04jpl,http://example.org/relation//film/film/featured_film_locations
http://example.org/entity//m/059_c,http://example.org/entity//m/0cv3w,http://example.org/relation//location/location/contains
http://example.org/entity//m/03cglm,http://example.org/entity//m/02hrh1q,http://example.org/relation//people/person/profession
http://example.org/entity//m/02z3r8t,http://example.org/entity//m/07s9rl0,http://example.org/relation//film/film/genre
http://example.org/entity//m/0196pc,http://example.org/entity//m/0n1h,http://example.org/relation//people/profession/specialization_of
http://example.org/entity//m/04vmqg,http://example.org/entity//m/0dgst_d,http://example.org/relation//film/actor/film./film/performance/film
http://example.org/entity//m/058vfp4,http://example.org/entity//m/09c7w0,http://example.org/relation//people/person/nationality
http://example.org/entity//m/0473rc,http://example.org/entity//m/014kbl,http://example.org/relation//film/film/other_crew./film/film_crew_gig/film_crew_role
http://example.org/entity//m/059g4,http://example.org/entity//m/020d5,http://example.org/relation//location/location/contains
http://example.org/entity//m/01f1kd,http://example.org/entity//m/02lq67,http://example.org/relation//olympics/olympic_games/medals_awarded./olympics/olympic_medal_honor/medal
http://example.org/entity//m/09q17,http://example.org/entity//m/0372j5,http://example.org/relation//media_common/netflix_genre/titles
http://example.org/entity//m/026c1,http://example.org/entity//m/078mgh,http://example.org/relation//base/popstra/celebrity/canoodled./base/popstra/canoodled/participant
http://example.org/entity//m/01q32bd,http://example.org/entity//m/01vw20h,http://example.org/relation//award/award_nominee/award_nominations./award/award_nomination/award_nominee
http://example.org/entity//m/09gdm7q,http://example.org/entity//m/0jgd,http://example.org/relation//film/film/release_date_s./film/film_regional_release_date/film_release_region
http://example.org/entity//m/05qb8vx,http://example.org/entity//m/08nhfc1,http://example.org/relation//award/award_ceremony/awards_presented./award/award_honor/honored_for
http://example.org/entity//m/021mlp,http://example.org/entity//m/0k4kk,http://example.org/relation//film/actor/film./film/performance/film
http://example.org/entity//m/033pf1,http://example.org/entity//m/0f3zf_,http://example.org/relation//film/film/cinematography
http://example.org/entity//m/01pcrw,http://example.org/entity//m/0d1pc,http://example.org/relation//people/person/profession
http://example.org/entity//m/0h1_w,http://example.org/entity//m/04ztj,http://example.org/relation//people/person/spouse_s./people/marriage/type_of_union
http://example.org/entity//m/03f2_rc,http://example.org/entity//m/02xwgr,http://example.org/relation//people/person/spouse_s./people/marriage/spouse
http://example.org/entity//m/0gwjw0c,http://example.org/entity//m/05hj_k,http://example.org/relation//film/film/produced_by
http://example.org/entity//m/02lfns,http://example.org/entity//m/08w7vj,http://example.org/relation//award/award_winner/awards_won./award/award_honor/award_winner
http://example.org/entity//m/01wwnh2,http://example.org/entity//m/01vw8mh,http://example.org/relation//award/award_nominee/award_nominations./award/award_nomination/award_nominee
http://example.org/entity//m/01mh_q,http://example.org/entity//m/01ycfv,http://example.org/relation//award/award_ceremony/awards_presented./award/award_honor/award_winner
http://example.org/entity//m/01k8rb,http://example.org/entity//m/0306bt,http://example.org/relation//award/award_nominee/award_nominations./award/award_nomination/award_nominee
http://example.org/entity//m/0778_3,http://example.org/entity//m/0778_3,http://example.org/relation//education/educational_institution/campuses
http://example.org/entity//m/04rs03,http://example.org/entity//m/0cbd2,http://example.org/relation//people/person/profession
http://example.org/entity//m/03xq0f,http://example.org/entity//m/0dr3sl,http://example.org/relation//film/film_distributor/films_distributed./film/film_film_distributor_relationship/film
http://example.org/entity//m/016t_3,http://example.org/entity//m/07tgn,http://example.org/relation//education/educational_degree/people_with_this_degree./education/education/institution
http://example.org/entity//m/060bp,http://example.org/entity//m/03__y,http://example.org/relation//government/government_office_category/officeholders./government/government_position_held/jurisdiction_of_office
http://example.org/entity//m/0hkqn,http://example.org/entity//m/08mbj5d,http://example.org/relation//common/topic/webpage./common/webpage/category
http://example.org/entity//m/0f6_j,http://example.org/entity//m/0cymp,http://example.org/relation//location/location/adjoin_s./location/adjoining_relationship/adjoins
http://example.org/entity//m/047p7fr,http://example.org/entity//m/0345h,http://example.org/relation//film/film/release_date_s./film/film_regional_release_date/film_release_region
http://example.org/entity//m/03gvt,http://example.org/entity//m/01wzlxj,http://example.org/relation//music/instrument/instrumentalists
http://example.org/entity//m/0fhxv,http://example.org/entity//m/01vj9c,http://example.org/relation//music/artist/track_contributions./music/track_contribution/role
http://example.org/entity//m/045zr,http://example.org/entity//m/025mb9,http://example.org/relation//award/award_nominee/award_nominations./award/award_nomination/award
http://example.org/entity//m/0gy6z9,http://example.org/entity//m/02wgln,http://example.org/relation//award/award_nominee/award_nominations./award/award_nomination/award_nominee
http://example.org/entity//m/047p7fr,http://example.org/entity//m/09nqf,http://example.org/relation//film/film/estimated_budget./measurement_unit/dated_money_value/currency
http://example.org/entity//m/0hv81,http://example.org/entity//m/0ch6mp2,http://example.org/relation//film/film/other_crew./film/film_crew_gig/film_crew_role
http://example.org/entity//m/05kkh,http://example.org/entity//m/0yzyn,http://example.org/relation//location/location/contains
http://example.org/entity//m/02qfyk,http://example.org/entity//m/02sdk9v,http://example.org/relation//soccer/football_team/current_roster./soccer/football_roster_position/position
http://example.org/entity//m/070w7s,http://example.org/entity//m/02_2v2,http://example.org/relation//award/award_winner/awards_won./award/award_honor/award_winner
http://example.org/entity//m/0k611,http://example.org/entity//m/02rx2m5,http://example.org/relation//award/award_category/nominees./award/award_nomination/nominated_for
http://example.org/entity//m/02_xgp2,http://example.org/entity//m/01g6l8,http://example.org/relation//education/educational_degree/people_with_this_degree./education/education/institution
http://example.org/entity//m/0gd9k,http://example.org/entity//m/02qzh2,http://example.org/relation//film/director/film
http://example.org/entity//m/03ndd,http://example.org/entity//m/0jtg0,http://example.org/relation//music/performance_role/regular_performances./music/group_membership/role
http://example.org/entity//m/01w02sy,http://example.org/entity//m/01nfys,http://example.org/relation//base/popstra/celebrity/dated./base/popstra/dated/participant
http://example.org/entity//m/025t9b,http://example.org/entity//m/084qpk,http://example.org/relation//film/actor/film./film/performance/film
http://example.org/entity//m/0d02km,http://example.org/entity//m/016ywr,http://example.org/relation//award/award_winner/awards_won./award/award_honor/award_winner
http://example.org/entity//m/0bwfn,http://example.org/entity//m/06pcz0,http://example.org/relation//education/educational_institution/students_graduates./education/education/student
http://example.org/entity//m/02t_99,http://example.org/entity//m/02zsn,http://example.org/relation//people/person/gender
http://example.org/entity//m/03r0g9,http://example.org/entity//m/03kpvp,http://example.org/relation//film/film/produced_by
http://example.org/entity//m/01lbp,http://example.org/entity//m/0p3r8,http://example.org/relation//base/popstra/celebrity/friendship./base/popstra/friendship/participant
